id,firstname,lastname,age
1,Daniel,Wilkinson,59
2,Anthony,Hess,35
3,Crystal,Golden,45
4,Samantha,Terry,28
5,Michael,Black,56
6,Jonathan,Dixon,63
7,Natalie,Knight,48
8,Miranda,Wilson,49
9,Taylor,Knight,43
10,Amy,Perez,65
11,Scott,Walsh,27
12,Lisa,Griffin,32
13,William,Gould,47
14,Janet,Villa,31
15,Mary,Griffin,48
16,Olivia,Frost,55
17,Crystal,Ramirez,27
18,Kelly,Williams,64
19,Scott,Rowland,40
20,John,Clay,53
21,Amy,Cooper,22
22,Donna,Armstrong,41
23,Holly,Gordon,60
24,Roger,Miller,54
25,Derek,Mccoy,24
26,Spencer,Henderson,63
27,Christina,Richardson,33
28,Debra,Irwin,52
29,Benjamin,Boyle,23
30,Jared,Murray,37
31,Kirk,Hughes,47
32,Ashley,Gordon,40
33,William,Fritz,45
34,Mitchell,Mccarty,56
35,Matthew,Stark,45
36,Krista,Gaines,50
37,Nathan,Blackwell,20
38,Travis,Adkins,63
39,Michelle,Cox,56
40,Thomas,Woods,49
41,Nancy,Johnson,22
42,Rebecca,Bruce,28
43,Deanna,Copeland,51
44,Karl,Scott,31
45,Lori,Walker,63
46,Crystal,Riley,51
47,Martin,Ruiz,36
48,Samuel,Martinez,52
49,Sheri,Price,45
50,Matthew,Wright,21
51,Brian,White,22
52,Mary,Moreno,47
53,Kelsey,Johnson,36
54,Maria,Boyle,35
55,Joshua,Anderson,34
56,Katie,Spencer,18
57,Kimberly,Jones,43
58,Mark,Dunn,43
59,Stephen,Juarez,22
60,Carmen,Rogers,39
61,Barbara,Brown,25
62,Richard,Wilson,22
63,Eduardo,Davis,22
64,Donald,Watson,62
65,Eric,Smith,51
66,Kelly,Lang,28
67,Chad,Hutchinson,53
68,Angela,Walters,50
69,Travis,Miles,19
70,Adam,Hall,35
71,Alyssa,Holland,33
72,Sarah,Orr,44
73,Ronald,Pearson,48
74,Felicia,Shaw,34
75,Carrie,Williams,63
76,Samantha,Smith,28
77,Kaylee,Mack,46
78,Anthony,Turner,39
79,Danny,Ballard,19
80,Andrew,Romero,40
81,Matthew,Garcia,54
82,Michelle,Roberts,54
83,David,Martinez,46
84,Deborah,Martinez,60
85,Mark,Garcia,21
86,Douglas,Boyd,48
87,Annette,Clay,42
88,Michael,Wolf,21
89,David,Goodwin,27
90,Jesus,Hanson,47
91,Bryan,Young,31
92,Courtney,Chavez,47
93,Carolyn,Dominguez,20
94,Scott,Randolph,57
95,Joe,Miles,40
96,Barbara,Le,63
97,Henry,Edwards,38
98,David,Frye,30
99,Jenny,Graves,18
100,Martin,Estrada,31
